{"errors":[],"warnings":[],"namedChunkGroups":{"app":{"chunks":[12,2],"assets":["webpack-runtime-479357780176441fbfd6.js","webpack-runtime-479357780176441fbfd6.js.map","app-6b9ae2c0306970efc1a2.js","app-6b9ae2c0306970efc1a2.js.map"],"children":{},"childAssets":{}},"component---src-pages-404-js":{"chunks":[0,3],"assets":["0.14706769df3312028eeb.css","0-b92d67a1d8470c697f0a.js","0-b92d67a1d8470c697f0a.js.map","component---src-pages-404-js-35e79e067a3c69625073.js","component---src-pages-404-js-35e79e067a3c69625073.js.map"],"children":{},"childAssets":{}},"component---src-pages-about-js":{"chunks":[1,0,4],"assets":["1-3a5d477e03ce61029525.js","1-3a5d477e03ce61029525.js.map","0.14706769df3312028eeb.css","0-b92d67a1d8470c697f0a.js","0-b92d67a1d8470c697f0a.js.map","component---src-pages-about-js.4f8e3253deb1344eca8f.css","component---src-pages-about-js-8e46d1d052c119509f1d.js","component---src-pages-about-js-8e46d1d052c119509f1d.js.map"],"children":{},"childAssets":{}},"component---src-pages-connect-js":{"chunks":[1,0,5],"assets":["1-3a5d477e03ce61029525.js","1-3a5d477e03ce61029525.js.map","0.14706769df3312028eeb.css","0-b92d67a1d8470c697f0a.js","0-b92d67a1d8470c697f0a.js.map","component---src-pages-connect-js.8df21bc3ef5e47fdf8e5.css","component---src-pages-connect-js-9e30c47d04ccb543d46f.js","component---src-pages-connect-js-9e30c47d04ccb543d46f.js.map"],"children":{},"childAssets":{}},"component---src-pages-courses-js":{"chunks":[1,0,6],"assets":["1-3a5d477e03ce61029525.js","1-3a5d477e03ce61029525.js.map","0.14706769df3312028eeb.css","0-b92d67a1d8470c697f0a.js","0-b92d67a1d8470c697f0a.js.map","component---src-pages-courses-js.028038f72847080a50a3.css","component---src-pages-courses-js-0971b4ba72c711b9ecb6.js","component---src-pages-courses-js-0971b4ba72c711b9ecb6.js.map"],"children":{},"childAssets":{}},"component---src-pages-index-js":{"chunks":[1,0,7],"assets":["1-3a5d477e03ce61029525.js","1-3a5d477e03ce61029525.js.map","0.14706769df3312028eeb.css","0-b92d67a1d8470c697f0a.js","0-b92d67a1d8470c697f0a.js.map","component---src-pages-index-js.cb5a3120fe2dc818d032.css","component---src-pages-index-js-9b08bf0808403c023182.js","component---src-pages-index-js-9b08bf0808403c023182.js.map"],"children":{},"childAssets":{}},"component---src-pages-jobs-js":{"chunks":[1,0,8],"assets":["1-3a5d477e03ce61029525.js","1-3a5d477e03ce61029525.js.map","0.14706769df3312028eeb.css","0-b92d67a1d8470c697f0a.js","0-b92d67a1d8470c697f0a.js.map","component---src-pages-jobs-js.0d8741df198327077dfe.css","component---src-pages-jobs-js-e86b8c7f72c3807755b3.js","component---src-pages-jobs-js-e86b8c7f72c3807755b3.js.map"],"children":{},"childAssets":{}},"component---src-pages-resources-js":{"chunks":[1,0,9],"assets":["1-3a5d477e03ce61029525.js","1-3a5d477e03ce61029525.js.map","0.14706769df3312028eeb.css","0-b92d67a1d8470c697f0a.js","0-b92d67a1d8470c697f0a.js.map","component---src-pages-resources-js.2a6a7b9d387852dd2da4.css","component---src-pages-resources-js-983683ced50d38b5cadf.js","component---src-pages-resources-js-983683ced50d38b5cadf.js.map"],"children":{},"childAssets":{}},"component---src-pages-stories-js":{"chunks":[1,0,10],"assets":["1-3a5d477e03ce61029525.js","1-3a5d477e03ce61029525.js.map","0.14706769df3312028eeb.css","0-b92d67a1d8470c697f0a.js","0-b92d67a1d8470c697f0a.js.map","component---src-pages-stories-js.1519f197b6fc07d2a125.css","component---src-pages-stories-js-c02a7ef7c8405fe257c0.js","component---src-pages-stories-js-c02a7ef7c8405fe257c0.js.map"],"children":{},"childAssets":{}},"pages-manifest":{"chunks":[11],"assets":["pages-manifest-f3d9688bececba5c8b84.js","pages-manifest-f3d9688bececba5c8b84.js.map"],"children":{},"childAssets":{}}},"assetsByChunkName":{"app":["webpack-runtime-479357780176441fbfd6.js","app-6b9ae2c0306970efc1a2.js"],"component---src-pages-404-js":["0.14706769df3312028eeb.css","0-b92d67a1d8470c697f0a.js","component---src-pages-404-js-35e79e067a3c69625073.js"],"component---src-pages-about-js":["1-3a5d477e03ce61029525.js","0.14706769df3312028eeb.css","0-b92d67a1d8470c697f0a.js","component---src-pages-about-js.4f8e3253deb1344eca8f.css","component---src-pages-about-js-8e46d1d052c119509f1d.js"],"component---src-pages-connect-js":["1-3a5d477e03ce61029525.js","0.14706769df3312028eeb.css","0-b92d67a1d8470c697f0a.js","component---src-pages-connect-js.8df21bc3ef5e47fdf8e5.css","component---src-pages-connect-js-9e30c47d04ccb543d46f.js"],"component---src-pages-courses-js":["1-3a5d477e03ce61029525.js","0.14706769df3312028eeb.css","0-b92d67a1d8470c697f0a.js","component---src-pages-courses-js.028038f72847080a50a3.css","component---src-pages-courses-js-0971b4ba72c711b9ecb6.js"],"component---src-pages-index-js":["1-3a5d477e03ce61029525.js","0.14706769df3312028eeb.css","0-b92d67a1d8470c697f0a.js","component---src-pages-index-js.cb5a3120fe2dc818d032.css","component---src-pages-index-js-9b08bf0808403c023182.js"],"component---src-pages-jobs-js":["1-3a5d477e03ce61029525.js","0.14706769df3312028eeb.css","0-b92d67a1d8470c697f0a.js","component---src-pages-jobs-js.0d8741df198327077dfe.css","component---src-pages-jobs-js-e86b8c7f72c3807755b3.js"],"component---src-pages-resources-js":["1-3a5d477e03ce61029525.js","0.14706769df3312028eeb.css","0-b92d67a1d8470c697f0a.js","component---src-pages-resources-js.2a6a7b9d387852dd2da4.css","component---src-pages-resources-js-983683ced50d38b5cadf.js"],"component---src-pages-stories-js":["1-3a5d477e03ce61029525.js","0.14706769df3312028eeb.css","0-b92d67a1d8470c697f0a.js","component---src-pages-stories-js.1519f197b6fc07d2a125.css","component---src-pages-stories-js-c02a7ef7c8405fe257c0.js"],"pages-manifest":["pages-manifest-f3d9688bececba5c8b84.js"]}}